0,4.19민주묘지,April 19th National Cemetery,Ui Lrt Line,943,,,37.602716,127.013512
1,가능,Ganeung,LINE 1,109,509550,1179510,37.748577,127.044213
2,가락시장,Garak Market,LINE 3,350,525992,1108579,37.492522,127.118234
2,가락시장,Garak Market,LINE 8,817,525992,1108579,37.492522,127.118234
4,가산디지털단지,Gasan Digital Complex,LINE 1,P142,473861,1105307,37.481072,126.882343
4,가산디지털단지,Gasan Digital Complex,LINE 7,746,473861,1105307,37.481072,126.882343
6,가양,Gayang,LINE 9,907,467700,1127500,37.561391,126.854456
7,가오리,Gaori,Ui Lrt Line,944,,,37.641546,127.016821
8,가재울,Gajaeul,Incheon Line2,I216,,,37.484192,126.683673
9,가정,Gajeong,Incheon Line2,I211,,,37.524649,126.675539
10,가정중앙시장,Gajeong Jungang Market,Incheon Line2,I212,,,37.517054,126.676672
11,가좌,Gajwa,Gyeongui-Jungang Line,K315,480980,1129579,37.568491,126.915487
12,가천대,Gachon Univ.,Bundang Line,K223,527950,1096310,37.448605,127.126697
13,가평,Gapyeong,Gyuongchun Line,P134,612227,1198065,37.814536,127.510739
14,간석,Ganseok,LINE 1,155,432214,1100821,37.464737,126.694181
15,간석오거리,Ganseogogeori,Incheon Line1,I123,435212,1101395,37.467048,126.707938
16,갈매,Galmae,Gyuongchun Line,P123,525127,1147615,37.634118,127.114757
17,갈산,Galsan,Incheon Line1,I117,438274,1115301,37.517268,126.721514
18,강남,Gangnam,LINE 2,222,506032,1109640,37.497175,127.027926
18,강남,Gangnam,Shinbundang Line,D7,506032,1109640,37.497175,127.027926
20,강남구청,Gangnam-gu Office,Bundang Line,K213,508965,1115207,37.517186,127.04128
20,강남구청,Gangnam-gu Office,LINE 7,730,508965,1115207,37.517186,127.04128
22,강남대,Kangnam Univ.,Yongin Everline,Y111,527800,1046600,37.270161,127.126033
23,강동,Gangdong,LINE 5,548,529040,1120490,37.535804,127.132481
24,강동구청,Gangdong-gu Office,LINE 8,812,526464,1118973,37.530341,127.120508
25,강매,Gangmae,Gyeongui-Jungang Line,K319,465720,1141779,37.612314,126.843223
26,강변,Gangbyeon,LINE 2,214,520755,1120262,37.535095,127.094681
27,강촌,Gangchon,Gyuongchun Line,P137,639467,1195735,37.805723,127.634146
28,개롱,Gaerong,LINE 5,P553,529600,1110007,37.498079,127.13482
29,개봉,Gaebong,LINE 1,143,468537,1109170,37.494594,126.85868
30,개포동,Gaepo-dong,Bundang Line,k219,514487,1107365,37.489116,127.06614
31,개화,Gaehwa,LINE 9,901,455020,1132300,37.578608,126.798153
32,개화산,Gaehwasan,LINE 5,511,457115,1130677,37.572399,126.806171
33,거여,Geoyeo,LINE 5,P554,531620,1108740,37.493105,127.14415
34,건대입구,Konkuk Univ.,LINE 2,212,515365,1121815,37.540693,127.07023
34,건대입구,Konkuk Univ.,LINE 7,727,515365,1121815,37.540693,127.07023
36,검단사거리,Geomdan Sageori,Incheon Line2,I203,,,37.60185,126.657108
37,검단오류,Geomdan Oryu,Incheon Line2,I201,,,37.594877,126.627178
38,검바위,Geombawi,Incheon Line2,I208,,,37.561405,126.677566
39,검암,Geomam,Airport Railroad Line,A07,427682,1129830,37.569104,126.673728
39,검암,Geomam,Incheon Line2,I207,427682,1129830,37.569104,126.673728
41,경기광주,GyeonggiGwangju,Gyeonggang Line,K413,,,37.399907,127.25263
42,경기도청북부청사,Gyeonggi Provincial Government Northern Office,Uijeongbu Lrt Line,U120,515700,1180050,37.75059,127.071495
43,경마공원,Seoul Racecourse Park,LINE 4,436,501607,1094842,37.443885,127.007888
44,경복궁,Gyeongbokgung,LINE 3,327,493895,1131520,37.575762,126.97353
45,경인교대입구,Gyeong-in Nat`l Univ. of Education,Incheon Line1,I115,438555,1121145,37.538157,126.722597
46,경전철의정부,Lrt Uijeongbu,Uijeongbu Lrt Line,U113,509590,1176320,37.737202,127.043257
47,경찰병원,National Police Hospital,LINE 3,351,527245,1109277,37.495918,127.12454
48,계산,Gyesan,Incheon Line1,I114,439762,1122675,37.543238,126.728128
49,계양,Gyeyang,Airport Railroad Line,A06,441522,1130440,37.571462,126.735637
49,계양,Gyeyang,Incheon Line1,I110,441522,1130440,37.571462,126.735637
51,고덕,Godeok,LINE 5,552,533850,1125845,37.555004,127.154151
52,고려대,Korea Univ.,LINE 6,640,507807,1135480,37.590508,127.036296
53,고속터미널,Express Bus Terminal,LINE 3,339,500913,1111778,37.50481,127.004943
53,고속터미널,Express Bus Terminal,LINE 7,734,500913,1111778,37.50481,127.004943
53,고속터미널,Express Bus Terminal,LINE 9,923,500913,1111778,37.50481,127.004943
56,고잔,Gojan,LINE 4,451,460565,1059785,37.316777,126.823249
57,고진,Gojin,Yongin Everline,Y121,547400,1039700,37.24484,127.214251
58,곡산,Goksan,Gyeongui-Jungang Line,K323,456120,1150979,37.645676,126.801762
59,곤제,gonjae,Uijeongbu Lrt Line,U122,518200,1179980,37.750471,127.083715
60,곤지암,Gonjiam,Gyeonggang Line,K415,,,37.351315,127.34674
61,공덕,Gongdeok,Airport Railroad Line,A02,489187,1122797,37.544018,126.951592
61,공덕,Gongdeok,Gyeongui-Jungang Line,K312,489187,1122797,37.544018,126.951592
61,공덕,Gongdeok,LINE 5,529,489187,1122797,37.544018,126.951592
61,공덕,Gongdeok,LINE 6,626,489187,1122797,37.544018,126.951592
65,공릉,Gongneung,LINE 7,716,515927,1145312,37.625742,127.072896
66,공항시장,Airport Market,LINE 9,903,458100,1128200,37.563726,126.810678
67,공항화물청사,Incheon Intl. Airport Cargo Terminal,Airport Railroad Line,A09,384282,1099430,37.458366,126.476241
68,과천,Gwacheon,LINE 4,438,499077,1091800,37.433021,126.996568
69,관악,Gwanak,LINE 1,P146,479698,1088013,37.419232,126.908706
70,광교,Gwanggyo,Shinbundang Line,D19,,,37.30211,127.044483
71,광교중앙,GwanggyoJungang,Shinbundang Line,D18,,,37.288617,127.051478
72,광나루,Gwangnaru,LINE 5,546,522710,1123015,37.545303,127.10357
73,광명,Gwangmyeong,LINE 1,P144-1,474465,1087601,37.416182,126.884466
74,광명사거리,Gwangmyeongsageori,LINE 7,748,467782,1104757,37.479252,126.854876
75,광운대,Kwangwoon Univ.,Gyuongchun Line,P116,513467,1144785,37.623632,127.061835
75,광운대,Kwangwoon Univ.,LINE 1,119,513467,1144785,37.623632,127.061835
77,광화문,Gwanghwamun,LINE 5,533,494520,1130442,37.571026,126.976669
78,광흥창,Gwangheungchang,LINE 6,624,484776,1123677,37.547456,126.931993
79,교대,Seoul Nat`l Univ. of Education,LINE 2,223,502900,1108655,37.493415,127.01408
79,교대,Seoul Nat`l Univ. of Education,LINE 3,340,502900,1108655,37.493415,127.01408
81,구로,Guro,LINE 1,141,473665,1111027,37.503039,126.881966
82,구로디지털단지,Guro Digital Complex,LINE 2,232,478070,1106435,37.485266,126.901401
83,구룡,Guryong,Bundang Line,k218,512907,1106947,37.486839,127.058856
84,구리,Guri,Gyeongui-Jungang Line,K123,531520,1139097,37.603392,127.143869
85,구반포,Gubanpo,LINE 9,921,497032,1110978,37.501364,126.987332
86,구산,Gusan,LINE 6,615,481445,1141345,37.611377,126.91727
87,구성,Guseong,Bundang Line,K235,523000,1054700,37.298969,127.105664
88,구의,Guui,LINE 2,213,518867,1120790,37.537077,127.085916
89,구일,Guil,LINE 1,142,471027,1109500,37.496756,126.870793
90,구파발,Gupabal,LINE 3,320,481875,1148452,37.636763,126.918821
91,국수,Guksu,Gyeongui-Jungang Line,K132,587806,1115232,37.516169,127.399367
92,국제업무지구,Intl. Business District,Incheon Line1,I138,418000,1082740,37.399907,126.630347
93,국회의사당,National Assembly,LINE 9,914,481632,1118278,37.528105,126.917874
94,군자,Gunja,LINE 5,544,517395,1126285,37.557121,127.079542
94,군자,Gunja,LINE 7,725,517395,1126285,37.557121,127.079542
96,군포,Gunpo,LINE 1,P150,488327,1069692,37.35356,126.948462
97,굴봉산,Gulbongsan,Gyuongchun Line,P135,622627,1202925,37.832067,127.557695
98,굴포천,Gulpocheon,LINE 7,758,440720,1112472,37.506997,126.73128
99,굽은다리,Gubeundari,LINE 5,550,531440,1123127,37.545477,127.142853
100,귤현,Gyulhyeon,Incheon Line1,I111,442922,1128840,37.566379,126.742654
101,금곡,Geumgok,Gyuongchun Line,P127,545627,1148565,37.637382,127.207853
102,금릉,Geumneung,Gyeongui-Jungang Line,K330,448220,1180380,37.751322,126.765347
103,금정,Geumjeong,LINE 1,P149,487357,1075022,37.372221,126.943429
103,금정,Geumjeong,LINE 4,443,487357,1075022,37.372221,126.943429
105,금천구청,Geumcheon-Gu Office,LINE 1,P144,476450,1098232,37.455626,126.89398
106,금촌,Geumchon,Gyeongui-Jungang Line,K331,450120,1184280,37.766217,126.774644
107,금호,Geumho,LINE 3,334,503275,1123820,37.548034,127.015872
108,기흥,Giheung,Bundang Line,K237,525500,1048200,37.275619,127.115936
108,기흥,Giheung,Yongin Everline,Y110,525500,1048200,37.275619,127.115936
110,길동,Gil-dong,LINE 5,549,530777,1121007,37.537801,127.140004
111,길음,Gireum,LINE 4,417,505320,1139202,37.603407,127.025053
112,김량장,Gimnyangjang,Yongin Everline,Y119,543900,1037700,37.237247,127.198781
113,김유정,Gimyujeong,Gyuongchun Line,P138,657027,1199465,37.818466,127.71434
114,김포공항,Gimpo Intl. Airport,Airport Railroad Line,A05,455957,1127820,37.562434,126.801058
114,김포공항,Gimpo Intl. Airport,LINE 5,512,455957,1127820,37.562434,126.801058
114,김포공항,Gimpo Intl. Airport,LINE 9,902,455957,1127820,37.562434,126.801058
117,까치산,Kkachisan,LINE 2,234-4,466017,1119387,37.531768,126.846683
117,까치산,Kkachisan,LINE 5,518,466017,1119387,37.531768,126.846683
119,까치울,Kkachiul,LINE 7,751,458020,1112272,37.506207,126.810939
120,낙성대,Nakseongdae,LINE 2,227,491805,1104272,37.47693,126.963693
121,남구로,Namguro,LINE 7,745,474900,1106587,37.486056,126.887249
122,남동구청,Namdong-gu Office,Incheon Line2,I225,,,37.448161,126.736939
123,남동인더스파크,Namdong Induspark,Suin Line,K256,432555,1084945,37.407722,126.695216
124,남부터미널,Nambu Bus Terminal,LINE 3,341,503497,1106375,37.485013,127.016189
125,남성,Namseong,LINE 7,737,493425,1106212,37.484596,126.971251
126,남영,Namyeong,LINE 1,134,493462,1122025,37.541021,126.9713
127,남춘천,Namchuncheon,Gyuongchun Line,P139,659057,1212015,37.864007,127.723792
128,남태령,Namtaeryeong,LINE 4,434,497392,1100550,37.463873,126.989134
129,남한산성입구,Namhansanseong,LINE 8,822,535225,1097102,37.451535,127.159816
130,내방,Naebang,LINE 7,735,498380,1107067,37.487618,126.993513
131,노들,Nodeul,LINE 9,918,489532,1114078,37.512887,126.953222
132,노량진,Noryangjin,LINE 1,136,487327,1114430,37.514219,126.942454
132,노량진,Noryangjin,LINE 9,917,487327,1114430,37.514219,126.942454
134,노원,Nowon,LINE 4,411,513622,1153612,37.655128,127.061368
134,노원,Nowon,LINE 7,713,513622,1153612,37.655128,127.061368
136,녹번,Nokbeon,LINE 3,323,485672,1138467,37.600927,126.935756
137,녹사평,Noksapyeong,LINE 6,629,496899,1120133,37.534675,126.986695
138,녹양,Nogyang,LINE 1,108,509151,1182411,37.75938,127.042292
139,녹천,Nokcheon,LINE 1,117,511557,1150497,37.644799,127.051269
140,논현,Nonhyeon,LINE 7,732,504607,1113585,37.511093,127.021415
141,능곡,Neunggok,Gyeongui-Jungang Line,K321,460120,1143579,37.618808,126.820783
142,단대오거리,Dandaeogeori,LINE 8,823,534430,1095327,37.44521,127.156866
143,달월,Dalwol,Suin Line,K251,443455,1077245,37.379681,126.745177
144,답십리,Dapsimni,LINE 5,542,511330,1129032,37.566747,127.052704
145,당고개,Danggogae,LINE 4,409,517267,1157807,37.670272,127.079066
146,당산,Dangsan,LINE 2,237,478290,1120184,37.53438,126.902281
146,당산,Dangsan,LINE 9,913,478290,1120184,37.53438,126.902281
148,당정,Dangjeong,LINE 1,P151,488329,1067092,37.344285,126.948345
149,대곡,Daegok,Gyeongui-Jungang Line,K322,458007,1147052,37.631626,126.811024
149,대곡,Daegok,LINE 3,314,453049,1150265,37.643114,126.78787
151,대공원,Seoul Grand Park,LINE 4,437,501287,1092762,37.435675,127.006523
152,대림,Daerim,LINE 2,233,476705,1108675,37.49297,126.895801
152,대림,Daerim,LINE 7,744,476705,1108675,37.49297,126.895801
154,대모산입구,Daemosan,Bundang Line,k220,515977,1108135,37.491373,127.07272
155,대방,Daebang,LINE 1,137,483645,1114340,37.513342,126.926382
156,대성리,Daeseong-ri,Gyuongchun Line,P131,583557,1161685,37.684071,127.379319
157,대야미,Daeyami,LINE 4,446,481462,1062700,37.328467,126.917332
158,대청,Daecheong,LINE 3,347,517440,1108825,37.493514,127.079532
159,대치,Daechi,LINE 3,345,513907,1108850,37.494612,127.063642
160,대화,Daehwa,LINE 3,309,472070,1152435,37.650658,126.872642
161,대흥,Daeheung,LINE 6,625,487020,1123710,37.547771,126.942069
162,덕계,Deokgye,LINE 1,106,512355,1198910,37.818486,127.056486
163,덕소,Deokso,Gyeongui-Jungang Line,K126,545892,1134737,37.586781,127.208832
164,덕정,Deokjeong,LINE 1,105,513355,1205710,37.843188,127.061277
165,도곡,Dogok,Bundang Line,K217,512105,1107980,37.490858,127.055381
165,도곡,Dogok,LINE 3,344,512105,1107980,37.490858,127.055381
167,도농,Donong,Gyeongui-Jungang Line,K124,535400,1140587,37.608806,127.161153
168,도림천,Dorimcheon,LINE 2,234-1,473827,1114450,37.514287,126.882768
169,도봉,Dobong,LINE 1,114,509890,1160207,37.679563,127.045595
170,도봉산,Dobongsan,LINE 1,113,510065,1163090,37.689313,127.046222
170,도봉산,Dobongsan,LINE 7,710,510065,1163090,37.689313,127.046222
172,도심,Dosim,Gyeongui-Jungang Line,K127,548956,1132632,37.579622,127.222672
173,도원,Dowon,LINE 1,159,420742,1101893,37.468446,126.642706
174,도화,Dohwa,LINE 1,157,426550,1101115,37.46607,126.668672
175,독립문,Dongnimmun,LINE 3,326,490525,1131175,37.574571,126.957748
176,독바위,Dokbawi,LINE 6,613,485010,1143355,37.618456,126.933031
177,독산,Doksan,LINE 1,P143,475327,1101222,37.466613,126.889249
178,독정,Dokjeong,Incheon Line2,I206,,,37.585212,126.675844
179,돌곶이,Dolgoji,LINE 6,643,512415,1141217,37.610537,127.056431
180,동대문,Dongdaemun,LINE 1,128,502155,1130180,37.57142,127.009745
180,동대문,Dongdaemun,LINE 4,421,502155,1130180,37.57142,127.009745
182,동대문역사문화공원,Dongdaemun History  Culture Park,LINE 2,205,501555,1128600,37.565138,127.007896
182,동대문역사문화공원,Dongdaemun History  Culture Park,LINE 4,422,501555,1128600,37.565138,127.007896
182,동대문역사문화공원,Dongdaemun History  Culture Park,LINE 5,536,501555,1128600,37.565138,127.007896
185,동대입구,Dongguk Univ.,LINE 3,332,501022,1127027,37.559052,127.005602
186,동두천,Dongducheon,LINE 1,101,511905,1229110,37.927878,127.05479
187,동두천중앙,Dongducheon jungang,LINE 1,103,512255,1222010,37.901885,127.056482
188,동막,Dongmak,Incheon Line1,I132,427474,1082340,37.397878,126.674005
189,동묘앞,Dongmyo,LINE 1,127,503422,1130557,37.572627,127.016429
189,동묘앞,Dongmyo,LINE 6,636,503422,1130557,37.572627,127.016429
191,동백,Dongbaek,Yongin Everline,Y114,533700,1046500,37.269043,127.152716
192,동수,Dongsu,Incheon Line1,I121,437695,1106492,37.485312,126.718247
193,동암,Dongam,LINE 1,154,434192,1102477,37.471408,126.702896
194,동오,Dong-o,Uijeongbu Lrt Line,U118,512490,1178550,37.745271,127.056947
195,동인천,Dongincheon,LINE 1,160,418562,1103812,37.475276,126.632802
196,동작,Dongjak,LINE 4,431,495157,1111287,37.502971,126.979306
196,동작,Dongjak,LINE 9,920,495157,1111287,37.502971,126.979306
198,동천,Dongcheon,Shinbundang Line,D14,,,37.337928,127.102976
199,동춘,Dongchun,Incheon Line1,I131,429241,1084081,37.404737,126.681015
200,두정,Dujeong,LINE 1,P168,533047,925610,36.833705,127.14896
201,둔전,Dunjeon,Yongin Everline,Y125,547400,1045900,37.267051,127.21364
202,둔촌동,Dunchon-dong,LINE 5,P549,529927,1118215,37.527788,127.136248
203,둔촌오륜,Dunchon Oryun,LINE 9,937,,,37.519245,127.138589
204,등촌,Deungchon,LINE 9,909,470000,1124700,37.550632,126.865689
205,디지털미디어시티,Digital Media City,Airport Railroad Line,A04,477750,1131825,37.576646,126.900984
205,디지털미디어시티,Digital Media City,Gyeongui-Jungang Line,K316,477750,1131825,37.576646,126.900984
205,디지털미디어시티,Digital Media City,LINE 6,618,477750,1131825,37.576646,126.900984
208,뚝섬,Ttukseom,LINE 2,210,510281,1123615,37.547184,127.047367
209,뚝섬유원지,Ttukseom Park,LINE 7,728,514630,1119362,37.53154,127.066704
210,마곡,Magok,LINE 5,514,461137,1127285,37.560183,126.825448
211,마곡나루,Magongnaru,Airport Railroad Line,A042,,,37.566917,126.826549
211,마곡나루,Magongnaru,LINE 9,905,461700,1129100,37.567336,126.829497
213,마두,Madu,LINE 3,312,449837,1154790,37.659477,126.773359
214,마들,Madeul,LINE 7,712,512587,1156285,37.66494,127.057675
215,마석,Maseok,Gyuongchun Line,P130,568527,1153065,37.652782,127.311767
216,마장,Majang,LINE 5,541,509362,1128847,37.5661,127.042973
217,마전,Majeon,Incheon Line2,I204,,,37.597566,126.666998
218,마천,Macheon,LINE 5,P555,533682,1109147,37.49499,127.152781
219,마포,Mapo,LINE 5,528,487855,1121387,37.539574,126.945932
220,마포구청,Mapo-gu Office,LINE 6,620,478397,1128185,37.563515,126.903343
221,만수,Mansu,Incheon Line2,I224,,,37.454911,126.732094
222,망우,Mangu,Gyeongui-Jungang Line,K121,520227,1138095,37.59955,127.091909
222,망우,Mangu,Gyuongchun Line,P121,520227,1138095,37.59955,127.091909
224,망원,Mangwon,LINE 6,621,479897,1125917,37.556094,126.910052
225,망월사,Mangwolsa,LINE 1,112,510207,1168925,37.709914,127.047455
226,망포,Mangpo,Bundang Line,K241,512500,1040000,37.245795,127.057353
227,매교,Maegyo,Bundang Line,K244,503400,1045300,37.265481,127.015678
228,매봉,Maebong,LINE 3,343,510257,1106985,37.486947,127.046769
229,매탄권선,MaetanGwonseon,Bundang Line,K242,508800,1042000,37.252759,127.040566
230,먹골,Meokgol,LINE 7,718,516982,1141245,37.610637,127.077725
231,면목,Myeonmok,LINE 7,721,519095,1135127,37.588579,127.087503
232,명동,Myeong-dong,LINE 4,424,496773,1127452,37.560989,126.986325
233,명일,Myeongil,LINE 5,551,531702,1124652,37.55137,127.143999
234,명지대,Myongji Univ.,Yongin Everline,Y118,542100,1037900,37.237964,127.190294
235,명학,Myeonghak,LINE 1,P148,485522,1078495,37.384653,126.935433
236,모란,Moran,Bundang Line,K225,528402,1091947,37.43213,127.129087
236,모란,Moran,LINE 8,826,528402,1091947,37.43213,127.129087
238,모래내시장,Moraenae Market,Incheon Line2,I223,,,37.45583,126.719298
239,목동,Mok-dong,LINE 5,520,469885,1117862,37.526065,126.864931
240,몽촌토성,Mongchontoseong,LINE 8,813,524665,1115335,37.517409,127.112359
241,무악재,Muakjae,LINE 3,325,488910,1133372,37.582299,126.950291
242,문래,Mullae,LINE 2,235,476561,1115505,37.517933,126.89476
243,문산,Munsan,Gyeongui-Jungang Line,K335,453250,1208880,37.854619,126.788047
244,문정,Munjeong,LINE 8,818,526900,1106552,37.485855,127.1225
245,문학경기장,Munhak Sports Complex,Incheon Line1,I127,433030,1092422,37.434935,126.698579
246,미금,Migeum,Bundang Line,K231,523957,1068933,37.350077,127.10891
246,미금,Migeum,Shinbundang Line,D13,523957,1068933,37.350077,127.10891
248,미아,Mia,LINE 4,415,505667,1145592,37.62667,127.025983
249,미아사거리,Miasamgeori,LINE 4,416,506527,1141940,37.613292,127.030053
250,박촌,Bakchon,Incheon Line1,I112,443555,1125427,37.553703,126.745077
251,반월,Banwol,LINE 4,447,478522,1058497,37.312212,126.903524
252,반포,Banpo,LINE 7,733,502410,1112792,37.508178,127.011727
253,발곡,Balgok,Uijeongbu Lrt Line,U110,511590,1173570,37.727048,127.052803
254,발산,Balsan,LINE 5,515,463930,1126865,37.558598,126.837668
255,방배,Bangbae,LINE 2,225,499277,1105368,37.481426,126.997596
256,방이,Bangi,LINE 5,P551,527705,1112922,37.508857,127.126133
257,방학,Banghak,LINE 1,115,509602,1157006,37.667503,127.044273
258,방화,Banghwa,LINE 5,510,458487,1132005,37.577446,126.812741
259,배방,Baebang,LINE 1,P174,511635,910112,36.777629,127.052991
260,백마,Baengma,Gyeongui-Jungang Line,K324,454620,1154279,37.658239,126.794461
261,백석,Baekseok,LINE 3,313,450765,1152723,37.652206,126.77762
262,백양리,Baegyang-ri,Gyuongchun Line,P136,629627,1202665,37.830779,127.58933
263,백운,Baegun,LINE 1,153,435164,1105969,37.483664,126.707704
264,버티고개,Beotigogae,LINE 6,632,501220,1123845,37.548013,127.007055
265,범계,Beomgye,LINE 4,442,488992,1079953,37.389793,126.950806
266,범골,Beomgol,Uijeongbu Lrt Line,U112,509590,1174070,37.728755,127.04353
267,별내,Byeollae,Gyuongchun Line,P124,528027,1149915,37.64202,127.12684
268,병점,Byeongjeom,LINE 1,P157,507147,1029150,37.207503,127.032731
269,보라매,Boramae,LINE 7,742,482252,1110542,37.499872,126.920428
270,보문,Bomun,LINE 6,638,504065,1134217,37.585286,127.019381
270,보문,Bomun,Ui Lrt Line,952,504065,1134217,37.585286,127.019381
272,보산,Bosan,LINE 1,102,512355,1225370,37.913702,127.057277
273,보정,Bojeong,Bundang Line,K234,523768,1058578,37.312752,127.108196
274,보평,Bopyeong,Yongin Everline,Y123,548400,1043700,37.258965,127.218457
275,복정,Bokjeong,Bundang Line,K222,527842,1102047,37.470047,127.126662
275,복정,Bokjeong,LINE 8,820,527842,1102047,37.470047,127.126662
277,봉명,Bongmyeong,LINE 1,P170,530135,916612,36.801215,127.135763
278,봉은사,Bongeunsa,LINE 9,929,513192,1114390,37.514219,127.060245
279,봉천,Bongcheon,LINE 2,229,486905,1105552,37.482362,126.941892
280,봉화산,Bonghwasan,LINE 6,647,520005,1143042,37.617283,127.091401
281,부개,Bugae,LINE 1,151,442407,1107372,37.488418,126.74109
282,부발,Bubal,Gyeonggang Line,K418,,,37.260192,127.490277
283,부천,Bucheon,LINE 1,148,451774,1106150,37.48405,126.782686
284,부천시청,Bucheon City Hall,LINE 7,755,447620,1111872,37.504631,126.763538
285,부천종합운동장,Bucheon Stadium,LINE 7,752,455120,1111972,37.50538,126.797337
286,부평,Bupyeong,Incheon Line1,I120,438837,1107772,37.489493,126.724805
286,부평,Bupyeong,LINE 1,152,438837,1107772,37.489493,126.724805
288,부평구청,Bupyeong-gu Office,Incheon Line1,I118,438020,1112972,37.508336,126.720548
288,부평구청,Bupyeong-gu Office,LINE 7,759,438020,1112972,37.508336,126.720548
290,부평삼거리,Bupyeongsamgeori,Incheon Line1,I122,435765,1104420,37.477679,126.710208
291,부평시장,Bupyeong Market,Incheon Line1,I119,438337,1110062,37.498383,126.722244
292,북한산보국문,Bukhansan Bogungmun,Ui Lrt Line,949,,,37.612103,127.008257
293,북한산우이,Bukhansan Ui,Ui Lrt Line,941,,,37.662773,127.01279
294,불광,Bulgwang,LINE 3,322,484337,1140982,37.610469,126.929887
294,불광,Bulgwang,LINE 6,612,484337,1140982,37.610469,126.929887
296,사가정,Sagajeong,LINE 7,722,519355,1132955,37.580894,127.088478
297,사당,Sadang,LINE 2,226,495760,1104005,37.47653,126.981685
297,사당,Sadang,LINE 4,433,495760,1104005,37.47653,126.981685
299,사릉,Sareung,Gyuongchun Line,P126,538877,1152465,37.65108,127.176933
300,사평,Sapyeong,LINE 9,924,503232,1111740,37.504206,127.015259
301,산본,Sanbon,LINE 4,444,484987,1071127,37.358101,126.933274
302,산성,Sanseong,LINE 8,821,532892,1098445,37.457122,127.149908
303,삼가,Samga,Yongin Everline,Y116,537300,1039000,37.242115,127.168075
304,삼각지,Samgakji,LINE 4,428,493970,1120167,37.534777,126.97311
304,삼각지,Samgakji,LINE 6,628,493970,1120167,37.534777,126.97311
306,삼동,Samdong,Gyeonggang Line,K412,,,37.409522,127.20336
307,삼산체육관,Samsan Gymnasium,LINE 7,757,442720,1112472,37.506411,126.742153
308,삼성,Samseong,LINE 2,219,513737,1113012,37.508844,127.06316
309,삼성중앙,Samseong Jungang,LINE 9,928,511392,1113890,37.513011,127.053282
310,삼송,Samsong,LINE 3,318,476770,1153035,37.653083,126.895558
311,삼양,Samyang,Ui Lrt Line,946,,,37.62694,127.018174
312,삼양사거리,Samyang Sageori,Ui Lrt Line,947,,,37.621366,127.020475
313,삼전,Samjeon,LINE 9,931,,,37.503933,127.089247
314,상갈,Sanggal,Bundang Line,K238,524100,1044500,37.26181,127.108847
315,상계,Sanggye,LINE 4,410,515995,1155000,37.660878,127.073572
316,상도,Sangdo,LINE 7,739,488362,1111262,37.502834,126.94791
317,상동,Sang-dong,LINE 7,756,445320,1112172,37.505781,126.753083
318,상록수,Sangnoksu,LINE 4,448,470314,1055852,37.302795,126.866489
319,상봉,Sangbong,Gyeongui-Jungang Line,K120,518665,1137145,37.596362,127.085032
319,상봉,Sangbong,Gyuongchun Line,P120,518665,1137145,37.596362,127.085032
319,상봉,Sangbong,LINE 7,720,518665,1137145,37.596362,127.085032
322,상수,Sangsu,LINE 6,623,482785,1123665,37.547716,126.922852
323,상왕십리,Sangwangsimni,LINE 2,207,506303,1128363,37.564354,127.029354
324,상월곡,Sangwolgok,LINE 6,642,510502,1140015,37.606377,127.048491
325,상일동,Sangil-dong,LINE 5,553,536415,1126182,37.556712,127.166417
326,상천,Sangcheon,Gyuongchun Line,P133,599927,1185665,37.770246,127.454821
327,상현,Sanghyeon,Shinbundang Line,D17,,,37.297664,127.069342
328,새말,sae-mal,Uijeongbu Lrt Line,U119,513990,1179480,37.748885,127.06362
329,새절,Saejeol,LINE 6,616,480680,1135812,37.591148,126.913629
330,샛강,Saetgang,LINE 9,916,483932,1115178,37.517274,126.928422
331,서강대,Sogang Univ.,Gyeongui-Jungang Line,K313,485615,1124847,37.551881,126.935711
332,서구청,Seo-gu Office,Incheon Line2,I210,,,37.543742,126.676787
333,서대문,Seodaemun,LINE 5,532,492467,1128777,37.565773,126.966641
334,서동탄,Seodongtan,LINE 1,P157-1,511347,1026050,37.195504,127.051672
335,서부여성회관,West Woman's Community Center,Incheon Line2,I214,,,37.506193,126.676203
336,서빙고,Seobinggo,Gyeongui-Jungang Line,K112,497257,1115882,37.519594,126.988537
337,서울대입구,Seoul Nat`l Univ.,LINE 2,228,489440,1105242,37.481247,126.952739
338,서울숲,Seoul-forest,Bundang Line,K211,509642,1122580,37.543617,127.044707
339,서울역,Seoul Station,Airport Railroad Line,A01,493365,1125595,37.554648,126.972559
339,서울역,Seoul Station,Gyeongui-Jungang Line,P313,493365,1125595,37.556328,126.969522
339,서울역,Seoul Station,LINE 1,133,493365,1125595,37.554648,126.972559
339,서울역,Seoul Station,LINE 4,426,493365,1125595,37.554648,126.972559
343,서정리,Seojeong-ri,LINE 1,P163,511607,987472,37.056496,127.052819
344,서초,Seocho,LINE 2,224,501595,1108160,37.491897,127.007917
345,서현,Seohyeon,Bundang Line,K228,527192,1078555,37.385126,127.123592
346,석계,Seokgye,LINE 1,120,514452,1142315,37.614805,127.065851
346,석계,Seokgye,LINE 6,644,514452,1142315,37.614805,127.065851
348,석남,Seongnam,Incheon Line2,I213,,,37.506193,126.676203
349,석바위시장,Seokbawi Market,Incheon Line2,I220,,,37.457611,126.692575
350,석수,Seoksu,LINE 1,P145,478195,1092480,37.435047,126.902295
351,석천사거리,Seokcheon Sageori,Incheon Line2,I222,,,37.456805,126.709986
352,석촌,Seokchon,LINE 8,815,523577,1112057,37.505431,127.106979
352,석촌,Seokchon(Hansol Hospital),LINE 9,933,,,37.505431,127.106979
354,석촌고분,Seokchon Gobun,LINE 9,932,,,37.507955,127.098121
355,선릉,Seolleung,Bundang Line,K215,510742,1111880,37.504503,127.049008
355,선릉,Seolleung,LINE 2,220,510742,1111880,37.504503,127.049008
357,선바위,Seonbawi,LINE 4,435,500385,1097110,37.451673,127.002303
358,선유도,Seonyudo,LINE 9,912,476232,1121000,37.53802,126.893525
359,선정릉,Seonjeongneung,Bundang Line,K214,509542,1113380,37.51098,127.043593
359,선정릉,Seonjeongneung,LINE 9,927,509542,1113380,37.51098,127.043593
361,선학,Seonhak,Incheon Line1,I128,433222,1090365,37.426684,126.698863
362,성균관대,Sungkyunkwan Univ.,LINE 1,P153,493610,1054955,37.300349,126.97075
363,성복,Seongbok,Shinbundang Line,D16,,,37.313335,127.0801
364,성수,Seongsu,LINE 2,211,512172,1122866,37.544581,127.055961
365,성신여대입구,Sungshin Women`s Univ.,LINE 4,418,503476,1136257,37.592624,127.016403
365,성신여대입구,Sungshin Women`s Univ.,Ui Lrt Line,951,503476,1136257,37.592624,127.016403
367,성환,Seonghwan,LINE 1,P166,528022,948422,36.916076,127.126964
368,세류,Seryu,LINE 1,P156,502825,1039400,37.245025,127.013222
369,세마,Sema,LINE 1,P158,509427,1023707,37.187533,127.04318
370,세종대왕릉,Sejongdaewangneung,Gyeonggang Line,K419,,,37.295309,127.570938
371,센트럴파크,Central Park,Incheon Line1,I137,419000,1081040,37.393054,126.634729
372,소래포구,Soraepogu,Suin Line,K253,440955,1083045,37.40095,126.733522
373,소사,Sosa,LINE 1,147,454610,1105667,37.482753,126.79544
374,소요산,Soyosan,LINE 1,100,513255,1235010,37.9481,127.061034
375,솔밭공원,Solbat Park,Ui Lrt Line,942,,,37.65609,127.013257
376,솔샘,Solsaem,Ui Lrt Line,948,,,37.621366,127.020475
377,송내,Songnae,LINE 1,150,445200,1107120,37.4876,126.753664
378,송도,Songdo,Suin Line,K259,424155,1090745,37.428514,126.657772
379,송산,Songsan,Uijeongbu Lrt Line,U124,519100,1176280,37.737279,127.087159
380,송정,Songjeong,LINE 5,513,458327,1127585,37.561184,126.811973
381,송탄,Songtan,LINE 1,P162,511847,992717,37.075696,127.054301
382,송파,Songpa,LINE 8,816,524542,1110377,37.499703,127.112183
383,송파나루,Songpanaru,LINE 9,934,,,37.510241,127.11221
384,수내,Sunae,Bundang Line,K229,525145,1076772,37.378455,127.114322
385,수락산,Suraksan,LINE 7,711,512022,1159800,37.67785,127.055315
386,수리산,Surisan,LINE 4,445,483320,1068927,37.349801,126.925365
387,수색,Susaek,Gyeongui-Jungang Line,K317,476820,1133079,37.580842,126.895611
388,수서,Suseo,Bundang Line,K221,522445,1106977,37.487371,127.10188
388,수서,Suseo,LINE 3,349,522445,1106977,37.487371,127.10188
390,수원,Suwon,Bundang Line,K245,499747,1045517,37.265974,126.999874
390,수원,Suwon,LINE 1,P155,499747,1045517,37.265974,126.999874
392,수원시청,Suwon City Hall,Bundang Line,K243,506500,1044700,37.261911,127.030736
393,수유,Suyu,LINE 4,414,505477,1148677,37.638052,127.025732
394,수지구청,Suji-gu office,Shinbundang Line,D15,,,37.322702,127.095026
395,수진,Sujin,LINE 8,825,530897,1093162,37.437428,127.140722
396,숙대입구,Sookmyung Women`s Univ.,LINE 4,427,493747,1122832,37.54456,126.972106
397,숭실대입구,Soongsil Univ.,LINE 7,738,489665,1109427,37.496029,126.953822
398,숭의,Sungui,Suin Line,K262,,,37.460789,126.638297
399,시민공원,Citizens Park,Incheon Line2,I219,,,37.458335,126.681192
400,시청,City Hall,LINE 1,132,494587,1128532,37.564718,126.977108
400,시청,City Hall,LINE 2,201,494587,1128532,37.564718,126.977108
402,시청.용인대,City Hall Yongin Univ.,Yongin Everline,Y117,539500,1038300,37.239151,127.178406
403,신갈,Singal,Bundang Line,K236,524500,1051200,37.286102,127.111313
404,신금호,Singeumho,LINE 5,538,504357,1125662,37.554548,127.020331
405,신길,Singil,LINE 1,138,481420,1115205,37.517122,126.917169
405,신길,Singil,LINE 5,525,481420,1115205,37.517122,126.917169
407,신길온천,Singil oncheon,LINE 4,454,448260,1065560,37.338212,126.765844
408,신내,Sinnae,Gyuongchun Line,P122,522627,1141915,37.612887,127.103218
409,신논현,Sinnonhyeon,LINE 9,925,505392,1111790,37.504598,127.02506
410,신답,Sindap,LINE 2,211-2,510310,1129987,37.57004,127.046481
411,신당,Sindang,LINE 2,206,503765,1128712,37.565972,127.01782
411,신당,Sindang,LINE 6,635,503765,1128712,37.565972,127.01782
413,신대방,Sindaebang,LINE 2,231,480562,1107052,37.487462,126.913149
414,신대방삼거리,Sindaebangsamgeori,LINE 7,741,483905,1110495,37.499701,126.928276
415,신도림,Sindorim,LINE 1,140,475755,1112937,37.508725,126.891295
415,신도림,Sindorim,LINE 2,234,475755,1112937,37.508725,126.891295
417,신둔도예촌,Sindundoyechon,Gyeonggang Line,K416,,,37.317185,127.40476
418,신림,Sillim,LINE 2,230,484275,1105992,37.484201,126.929715
419,신목동,Sinmokdong,LINE 9,911,474030,1122700,37.544277,126.88308
420,신반포,Sinbanpo,LINE 9,922,499032,1111478,37.503415,126.995925
421,신방화,Sinbanghwa,LINE 9,904,459400,1129200,37.567532,126.816601
422,신사,Sinsa,LINE 3,337,504302,1115065,37.516334,127.020114
423,신설동,Sinseol-dong,LINE 1,126,505342,1131412,37.575297,127.025087
423,신설동,Sinseol-dong,LINE 2,211-4,505342,1131412,37.575297,127.025087
423,신설동,Sinseol-dong,Ui Lrt Line,953,505342,1131412,37.575297,127.025087
426,신연수,Sinyeonsu,Incheon Line1,I129,432092,1087825,37.41804,126.693863
427,신용산,Sinyongsan,LINE 4,429,492830,1118597,37.52917,126.967894
428,신원,Sinwon,Gyeongui-Jungang Line,K131,582256,1117732,37.525545,127.372921
429,신이문,Sinimun,LINE 1,121,514704,1138814,37.601854,127.067325
430,신정,Sinjeong,LINE 5,519,467952,1117395,37.524997,126.856191
431,신정네거리,Sinjeongnegeori,LINE 2,234-3,467370,1116015,37.520074,126.852912
432,신중동,Sinjung-dong,LINE 7,754,450320,1111472,37.503048,126.77596
433,신창,Sinchang,LINE 1,P177,489035,907912,36.769502,126.951108
434,신촌,Sinchon,Gyeongui-Jungang Line,P312,487020,1127079,37.559783,126.942319
434,신촌,Sinchon,LINE 2,240,485922,1125867,37.555134,126.936893
436,신포,Sinpo,Suin Line,K263,,,37.46874,126.623853
437,신풍,Sinpung,LINE 7,743,479802,1110590,37.50008,126.90993
438,신흥,Sinheung,LINE 8,824,532420,1094155,37.440918,127.147564
439,쌍문,Ssangmun,LINE 4,413,507572,1151735,37.648627,127.034709
440,쌍용,Ssangyong,LINE 1,P171,526835,914512,36.793759,127.1214
441,아산,Asan,LINE 1,P172,523035,914062,36.792053,127.104361
442,아시아드경기장,Asiad Stadium,Incheon Line2,I209,,,37.5517,126.677122
443,아신,Asin,Gyeongui-Jungang Line,K133,597856,1114532,37.51382,127.443173
444,아차산,Achasan,LINE 5,545,519537,1125055,37.551691,127.089761
445,아현,Ahyeon,LINE 2,242,490052,1126335,37.557345,126.956141
446,안국,Anguk,LINE 3,328,496540,1131750,37.576477,126.985443
447,안산,Ansan,LINE 4,453,453040,1062570,37.327082,126.788532
448,안암,Anam,LINE 6,639,506240,1134387,37.586272,127.029005
449,안양,Anyang,LINE 1,P147,482735,1083190,37.401592,126.922874
450,암사,Amsa,LINE 8,810,528032,1124410,37.55021,127.127562
451,압구정,Apgujeong,LINE 3,336,506121,1117883,37.527072,127.028461
452,압구정로데오,Apgujeongrodeo,Bundang Line,K212,508842,1118080,37.527381,127.040534
453,애오개,Aeogae,LINE 5,530,490233,1125313,37.553736,126.95682
454,야당,Yadang,Gyeongui-Jungang Line,K328,,,37.712327,126.761356
455,야탑,Yatap,Bundang Line,K226,528336,1086000,37.411185,127.128715
456,약수,Yaksu,LINE 3,333,502197,1125470,37.55434,127.010655
456,약수,Yaksu,LINE 6,633,502197,1125470,37.55434,127.010655
458,양수,Yangsu,Gyeongui-Jungang Line,K130,572506,1123332,37.545981,127.329098
459,양원,Yangwon,Gyeongui-Jungang Line,K122,523632,1140087,37.606596,127.107906
460,양재,Yangjae,LINE 3,342,507387,1106032,37.484147,127.034631
460,양재,Yangjae,Shinbundang Line,D8,507387,1106032,37.484147,127.034631
462,양재시민의숲,Yangjae Citizen's Forest,Shinbundang Line,D9,508350,1102150,37.470023,127.03842
463,양정,Yangjeong,Gyeongui-Jungang Line,K125,542752,1139387,37.60533,127.19364
464,양주,Yangju,LINE 1,107,509651,1186511,37.774381,127.044708
465,양천구청,Yangcheon-gu Office,LINE 2,234-2,470185,1113852,37.512398,126.865819
466,양천향교,Yangcheon Hyanggyo,LINE 9,906,464880,1129370,37.568381,126.841333
467,양평,Yangpyeong,Gyeongui-Jungang Line,K135,608646,1108692,37.492832,127.491814
467,양평,Yangpyeong,LINE 5,522,474744,1117620,37.525648,126.885778
469,어룡,eoryong,Uijeongbu Lrt Line,U123,518600,1177780,37.742802,127.085035
470,어린이대공원,Children`s  Grand Park,LINE 7,726,516326,1123811,37.548014,127.074658
471,어정,Eojeong,Yongin Everline,Y113,531700,1048000,37.274917,127.143714
472,언주,Eonju,LINE 9,926,507392,1112490,37.507287,127.033868
473,여의나루,Yeouinaru,LINE 5,527,485020,1118070,37.527098,126.932901
474,여의도,Yeouido,LINE 5,526,483100,1116530,37.521624,126.924191
474,여의도,Yeouido,LINE 9,915,483100,1116530,37.521624,126.924191
476,여주,Yeoju,Gyeonggang Line,K420,,,37.28218,127.628538
477,역곡,Yeokgok,LINE 1,146,458312,1106430,37.485178,126.811502
478,역삼,Yeoksam,LINE 2,221,507992,1110605,37.500622,127.036456
479,역촌,Yeokchon,LINE 6,611,482885,1139980,37.606021,126.922744
480,연수,Yeonsu,Suin Line,K258,428755,1087845,37.417804,126.67894
481,연신내,Yeonsinnae,LINE 3,321,482372,1143485,37.619001,126.921008
481,연신내,Yeonsinnae,LINE 6,614,482372,1143485,37.619001,126.921008
483,염창,Yeomchang,LINE 9,910,472150,1123550,37.546936,126.874916
484,영등포,Yeongdeungpo,LINE 1,139,479375,1114790,37.515504,126.907628
485,영등포구청,Yeongdeungpo-gu Office,LINE 2,236,476875,1117441,37.52497,126.895951
485,영등포구청,Yeongdeungpo-gu Office,LINE 5,523,476875,1117441,37.52497,126.895951
487,영등포시장,Yeongdeungpo Market,LINE 5,524,478864,1116799,37.522669,126.905139
488,영종,Yeongjong,Airport Railroad Line,A072,387922,1108780,37.511466,126.5237
489,영통,Yeongtong,Bundang Line,K240,515700,1041600,37.251568,127.071394
490,예술회관,Arts Center,Incheon Line1,I125,433617,1096297,37.449396,126.701012
491,오금,Ogeum,LINE 3,352,528137,1111147,37.502162,127.128111
491,오금,Ogeum,LINE 5,P552,528137,1111147,37.502162,127.128111
493,오류동,Oryu-dong,LINE 1,144,465445,1108947,37.494526,126.845365
494,오리,Ori,Bundang Line,K232,524013,1065930,37.339824,127.108942
495,오목교,Omokgyo,LINE 5,521,472327,1117257,37.524496,126.875181
496,오빈,Obin,Gyeongui-Jungang Line,K134,604526,1112452,37.506062,127.473868
497,오산,Osan,LINE 1,P160,514562,1011910,37.145885,127.06672
498,오산대,Osan College,LINE 1,P159,513750,1018710,37.168953,127.063197
499,오이도,Oido,LINE 4,456,441955,1072345,37.362357,126.738714
499,오이도,Oido,Suin Line,K250,441955,1072345,37.362357,126.738714
501,옥수,Oksu,Gyeongui-Jungang Line,K114,503850,1121910,37.540685,127.017965
501,온수,Onsu,LINE 1,145,460825,1108360,37.492258,126.823388
501,옥수,Oksu,LINE 3,335,503850,1121910,37.540685,127.017965
501,온수,Onsu,LINE 7,750,460825,1108360,37.492258,126.823388
505,온양온천,Onyang oncheon,LINE 1,P176,500535,910912,36.780483,127.003249
506,올림픽공원,Olympic Park,LINE 5,P550,528797,1115072,37.516078,127.130848
506,올림픽공원,Olympic Park,LINE 9,936,528797,1115072,37.516078,127.130848
508,완정,Wanjeong,Incheon Line2,I205,,,37.592928,126.673203
509,왕길,Wanggil,Incheon Line2,I202,,,37.59518,126.642696
510,왕십리,Wangsimni,Bundang Line,K210,508015,1127512,37.561533,127.037732
510,왕십리,Wangsimni,Gyeongui-Jungang Line,K116,508015,1127512,37.561533,127.037732
510,왕십리,Wangsimni,LINE 2,208,508015,1127512,37.561533,127.037732
510,왕십리,Wangsimni,LINE 5,540,508015,1127512,37.561533,127.037732
514,외대앞,Hankuk Univ. of Foreign Studies,LINE 1,122,513900,1137147,37.596073,127.063549
515,용답,Yongdap,LINE 2,211-1,511015,1127677,37.561904,127.050899
516,용두,Yongdu,LINE 2,211-3,508200,1131077,37.574028,127.038091
517,용마산,Yongmasan,LINE 7,723,519027,1131010,37.573647,127.086727
518,용문,Yongmun,Gyeongui-Jungang Line,K137,631106,1105832,37.48223,127.594647
519,용산,Yongsan,Gyeongui-Jungang Line,K110,491977,1118732,37.529849,126.964561
519,용산,Yongsan,LINE 1,135,491977,1118732,37.529849,126.964561
521,우장산,Ujangsan,LINE 5,516,463575,1124075,37.548768,126.836318
522,운길산,Ungilsan,Gyeongui-Jungang Line,K129,568456,1125732,37.554669,127.310115
523,운동장.송담대,Stadium Songdam College,Yongin Everline,Y120,546300,1037800,37.237845,127.209198
524,운서,Unseo,Airport Railroad Line,A08,387922,1108780,37.492904,126.49379
525,운연,Unyeon,Incheon Line2,I227,,,37.440127,126.75997
526,운정,Unjeong,Gyeongui-Jungang Line,K329,448520,1173280,37.725826,126.767257
527,원당,Wondang,LINE 3,316,462986,1147997,37.634592,126.83265
528,원덕,Wondeok,Gyeongui-Jungang Line,K136,620686,1102132,37.468672,127.547076
529,원인재,Woninjae,Incheon Line1,I130,430747,1086298,37.412603,126.687389
529,원인재,Woninjae,Suin Line,K257,430747,1086298,37.412603,126.687389
531,원흥,Wonheung,LINE 3,317,465247,1153090,37.653324,126.843041
532,월계,Wolgye,LINE 1,118,512815,1147432,37.633212,127.058831
533,월곡,Wolgok,LINE 6,641,508970,1138772,37.601948,127.041518
534,월곶,Wolgot,Suin Line,K252,442655,1080745,37.391769,126.742699
535,월드컵경기장,World Cup Stadium,LINE 6,619,477497,1129932,37.569532,126.899298
536,월롱,Wollong,Gyeongui-Jungang Line,K333,454200,1192580,37.796188,126.792587
537,을지로3가,Euljiro 3(sam)-ga,LINE 2,203,497895,1128945,37.566295,126.99191
537,을지로3가,Euljiro 3(sam)-ga,LINE 3,330,497895,1128945,37.566295,126.99191
539,을지로4가,Euljiro 4(sa)-ga,LINE 2,204,499460,1129122,37.566941,126.998079
539,을지로4가,Euljiro 4(sa)-ga,LINE 5,535,499460,1129122,37.566941,126.998079
541,을지로입구,Euljiro 1(il)-ga,LINE 2,202,495832,1128752,37.566014,126.982618
542,응봉,Eungbong,Gyeongui-Jungang Line,K115,507432,1124352,37.549946,127.034538
543,응암,Eungam,LINE 6,610,481137,1137787,37.598605,126.915577
544,의왕,Uiwang,LINE 1,P152,488252,1060692,37.320852,126.948217
545,의정부,Uijeongbu,LINE 1,110,509950,1176650,37.738415,127.045958
546,의정부시청,Uijeongbu City Hall,Uijeongbu Lrt Line,U114,507590,1176820,37.739256,127.034781
547,의정부중앙,Uijeongbu Jung-ang,Uijeongbu Lrt Line,U117,510990,1178050,37.743676,127.049565
548,이대,Ewha Womans Univ.,LINE 2,241,487955,1126182,37.556733,126.946013
549,이매,Imae,Bundang Line,K227,528285,1081810,37.396104,127.12827
549,이매,Imae,Gyeonggang Line,K411,528285,1081810,37.396104,127.12827
551,이수,Isu,LINE 7,736,495900,1106635,37.486263,126.981989
552,이천,Icheon,Gyeonggang Line,K417,,,37.265579,127.44226
553,이촌,Ichon,Gyeongui-Jungang Line,K111,494107,1116637,37.522272,126.974345
553,이촌,Ichon,LINE 4,430,494107,1116637,37.522272,126.974345
555,이태원,Itaewon,LINE 6,630,498620,1120045,37.534488,126.994302
556,인덕원,Indeogwon,LINE 4,440,494677,1083140,37.401553,126.976715
557,인천,Incheon,LINE 1,161,415080,1103977,37.476691,126.616936
557,인천,Incheon,Suin Line,K264,415080,1103977,37.476691,126.616936
559,인천가좌,Incheon Gajwa,Incheon Line2,I215,,,37.4897,126.675208
560,인천공항1터미널,Incheon Intl. Airport,Airport Railroad Line,A10,378682,1096230,37.447464,126.452508
561,인천공항2터미널,Incheon Int’l Airport Terminal 2,Airport Railroad Line,A11,,,37.468936,126.433336
562,인천논현,Incheon Nonhyeon,Suin Line,K254,438355,1083045,37.400614,126.722478
563,인천대공원,Incheon Grand Park,Incheon Line2,I226,,,37.448769,126.752618
564,인천대입구,Incheon Nat'l Univ.,Incheon Line1,I136,420000,1079040,37.386007,126.639484
565,인천시청,Incheon City Hall,Incheon Line1,I124,433955,1098822,37.457405,126.702221
565,인천시청,Inchon City Hall,Incheon Line2,I221,433955,1098822,37.457405,126.702221
567,인천터미널,Incheon Bus Terminal,Incheon Line1,I126,433307,1094520,37.442383,126.699706
568,인하대,Inha Univ.,Suin Line,K261,424155,1090745,37.448493,126.649619
569,일산,Ilsan,Gyeongui-Jungang Line,K326,449020,1161080,37.682077,126.769846
570,일원,Irwon,LINE 3,348,518585,1106192,37.483681,127.08439
571,임진강,Imjingang,Gyeongui-Jungang Line,K336,,,37.888863,126.747411
572,임학,Imhak,Incheon Line1,I113,442125,1123022,37.545059,126.738665
573,작전,Jakjeon,Incheon Line1,I116,438570,1119005,37.530415,126.722527
574,잠실,Jamsil,LINE 2,216,522390,1114282,37.51395,127.102234
574,잠실,Jamsil,LINE 8,814,522390,1114282,37.51395,127.102234
576,잠실나루,Jamsillaru,LINE 2,215,522630,1116225,37.520733,127.10379
577,잠실새내,Jamsilsaenae,LINE 2,217,518955,1113730,37.511687,127.086162
578,잠원,Jamwon,LINE 3,338,502340,1113995,37.512759,127.01122
579,장승배기,Jangseungbaegi,LINE 7,740,486295,1111810,37.504898,126.93915
580,장암,Jangam,LINE 7,709,511532,1165895,37.700109,127.053196
581,장지,Jangji,LINE 8,819,527750,1104572,37.478703,127.126191
582,장한평,Janghanpyeong,LINE 5,543,513985,1127595,37.56144,127.064623
583,전대.에버랜드,Jeondae Everland,Yongin Everline,Y126,548800,1051000,37.285342,127.219561
584,정릉,Jeongneung,Ui Lrt Line,950,,,37.602709,127.013483
585,정발산,Jeongbalsan,LINE 3,311,447158,1157765,37.670072,126.761334
586,정부과천청사,Government Complex Gwacheon,LINE 4,439,497615,1090090,37.426513,126.98978
587,정왕,Jeongwang,LINE 4,455,442835,1069400,37.351735,126.742989
588,정자,Jeongja,Bundang Line,K230,523707,1073515,37.36706,127.108105
588,정자,Jeongja,Shinbundang Line,D12,523707,1073515,37.36706,127.108105
590,제기동,Jegi-dong,LINE 1,125,507552,1132159,37.578103,127.034893
591,제물포,Jemulpo,LINE 1,158,424050,1101375,37.466769,126.656666
592,종각,Jonggak,LINE 1,131,496085,1129940,37.570161,126.982923
593,종로3가,Jongno 3(sam)-ga,LINE 1,130,498060,1130332,37.571607,126.991806
593,종로3가,Jongno 3(sam)-ga,LINE 3,329,498060,1130332,37.571607,126.991806
593,종로3가,Jongno 3(sam)-ga,LINE 5,534,498060,1130332,37.571607,126.991806
596,종로5가,Jongno 5(o)-ga,LINE 1,129,500162,1130132,37.570926,127.001849
597,종합운동장,Sports Complex,LINE 2,218,516222,1113652,37.510997,127.073642
597,종합운동장,Sports Complex,LINE 9,930,516222,1113652,37.510997,127.073642
599,주안,Juan,Incheon Line2,I218,429187,1100850,37.464941,126.679923
599,주안,Juan,LINE 1,156,429187,1100850,37.464941,126.679923
601,주안국가산단,Juan National Industrial Complex,Incheon Line2,I217,,,37.473703,126.68113
602,주엽,Juyeop,LINE 3,310,444178,1159423,37.676087,126.747569
603,죽전,Jukjeon,Bundang Line,K233,523610,1061899,37.324753,127.107395
604,중계,Junggye,LINE 7,714,514005,1150745,37.644583,127.064303
605,중곡,Junggok,LINE 7,724,518432,1128785,37.565923,127.08432
606,중동,Jung-dong,LINE 1,149,447750,1106820,37.486562,126.764843
607,중랑,Jungnang,Gyeongui-Jungang Line,K119,516572,1136827,37.594917,127.076116
607,중랑,Jungnang,Gyuongchun Line,P119,516572,1136827,37.594917,127.076116
609,중앙,Jungang,LINE 4,450,464005,1059422,37.315941,126.838573
610,중앙보훈병원,VHS Medical Center,LINE 9,938,,,37.526783,127.147719
611,중화,Junghwa,LINE 7,719,517345,1138885,37.602545,127.079264
612,증미,Jeungmi,LINE 9,908,469000,1126600,37.557402,126.861939
613,증산,Jeungsan,LINE 6,617,479815,1133702,37.583876,126.909645
614,지석,Jiseok,Yongin Everline,Y112,530200,1046500,37.269606,127.136515
615,지식정보단지,BIT Zone,Incheon Line1,I135,421500,1076640,37.378384,126.645168
616,지제,Jije,LINE 1,P164,515467,977022,37.0188,127.070444
617,지축,Jichuk,LINE 3,319,480805,1151557,37.648048,126.913951
618,지평,Jipyeong,Gyeongui-Jungang Line,K138,,,37.476427,127.629659
619,지행,Jihaeng,LINE 1,104,512155,1219310,37.892334,127.055716
620,직산,Jiksan,LINE 1,P167,531832,935982,36.870593,127.143904
621,진위,Jinwi,LINE 1,P161,513662,1002210,37.109447,127.062278
622,창동,Chang-dong,LINE 1,116,510370,1153032,37.653166,127.047731
622,창동,Chang-dong,LINE 4,412,510370,1153032,37.653166,127.047731
624,창신,Changsin,LINE 6,637,503160,1132590,37.579661,127.015241
625,천마산,Cheonmasan,Gyuongchun Line,P129,563227,1154365,37.658978,127.285379
626,천안,Cheonan,LINE 1,P169,532535,919162,36.810005,127.146826
627,천왕,Cheonwang,LINE 7,749,464220,1106935,37.486637,126.838713
628,천호,Cheonho,LINE 5,547,527042,1121095,37.538397,127.123572
628,천호,Cheonho,LINE 8,811,527042,1121095,37.538397,127.123572
630,철산,Cheolsan,LINE 7,747,470762,1103950,37.47605,126.867911
631,청계산입구,Cheonggyesan,Shinbundang Line,D10,511857,1096100,37.447211,127.055664
632,청구,Cheonggu,LINE 5,537,502872,1127150,37.560245,127.013828
632,청구,Cheonggu,LINE 6,634,502872,1127150,37.560245,127.013828
634,청담,Cheongdam,LINE 7,729,511695,1115877,37.519365,127.05335
635,청라국제도시,Cheongna Int’l City Station,Airport Railroad Line,A071,416682,1126230,37.555878,126.625327
636,청량리,Cheongnyangni,Gyeongui-Jungang Line,K117,510002,1132640,37.580178,127.046835
636,청량리,Cheongnyangni,Gyuongchun Line,P117,510002,1132640,37.580178,127.046835
636,청량리,Cheongnyangni,LINE 1,124,510002,1132640,37.580178,127.046835
639,청량리,Cheongnyangni,Bundang Line,K209,,,37.580273,127.046827
640,청명,Cheongmyeong,Bundang Line,K239,517500,1043900,37.259489,127.078934
641,청평,Cheongpyeong,Gyuongchun Line,P132,593827,1175965,37.735488,127.42661
642,초당,Chodang,Yongin Everline,Y115,535500,1044100,37.260752,127.159443
643,초월,Chowol,Gyeonggang Line,K414,,,37.374419,127.299
644,초지,Choji,LINE 4,452,456877,1060755,37.320646,126.805913
645,총신대입구,Chongshin Univ.,LINE 4,432,495900,1106635,37.486263,126.981989
646,춘의,Chunui,LINE 7,753,452720,1111572,37.503663,126.787036
647,춘천,Chuncheon,Gyuongchun Line,P140,657427,1217865,37.885054,127.717023
648,충정로,Chungjeongno,LINE 2,243,491842,1127227,37.559973,126.963672
648,충무로,Chungmuro,LINE 3,331,498550,1127582,37.561243,126.99428
648,충무로,Chungmuro,LINE 4,423,498550,1127582,37.561243,126.99428
648,충정로,Chungjeongno,LINE 5,531,491842,1127227,37.559973,126.963672
652,캠퍼스타운,Campus Town,Incheon Line1,I133,425000,1079640,37.387855,126.661673
653,탄현,Tanhyeon,Gyeongui-Jungang Line,K327,447100,1164280,37.694023,126.761086
654,탑석,Tapseok,Uijeongbu Lrt Line,U125,519500,1175280,37.733579,127.088704
655,태릉입구,Taereung,LINE 6,645,516430,1143262,37.617983,127.07512
655,태릉입구,Taereung,LINE 7,717,516430,1143262,37.617983,127.07512
657,태평,Taepyeong,Bundang Line,K224,528172,1093737,37.440019,127.127709
658,테크노파크,Technopark,Incheon Line1,I134,423720,1077970,37.382268,126.656365
659,퇴계원,Toegyewon,Gyuongchun Line,P125,531627,1151565,37.648311,127.143952
660,파주,Paju,Gyeongui-Jungang Line,K334,454200,1197940,37.815298,126.792783
661,판교,Pangyo,Gyeonggang Line,K410,524500,1081300,37.394761,127.111217
661,판교,Pangyo,Shinbundang Line,D11,524500,1081300,37.394761,127.111217
663,팔당,Paldang,Gyeongui-Jungang Line,K128,553656,1123632,37.547371,127.243939
664,평내호평,PyeongnaeHopyeong,Gyuongchun Line,P128,553727,1153065,37.653225,127.244493
665,평촌,Pyeongchon,LINE 4,441,491940,1081142,37.394287,126.963883
666,평택,Pyeongtaek,LINE 1,P165,518805,969180,36.990726,127.085159
667,풍산,Pungsan,Gyeongui-Jungang Line,K325,452620,1158279,37.672346,126.786243
668,하계,Hagye,LINE 7,715,514942,1148310,37.636352,127.06799
669,학동,Hak-dong,LINE 7,731,506875,1114372,37.514229,127.031656
670,학여울,Hangnyeoul,LINE 3,346,515537,1109537,37.496663,127.070594
671,한강진,Hangangjin,LINE 6,631,500155,1121477,37.539631,127.001725
672,한남,Hannam,Gyeongui-Jungang Line,K113,501750,1118657,37.52943,127.009169
673,한대앞,Hanyang Univ. at Ansan,LINE 4,449,467472,1057792,37.309689,126.85344
674,한성대입구,Hansung Univ.,LINE 4,419,501130,1135052,37.588458,127.006221
675,한성백제,Hanseong Baekje,LINE 9,935,,,37.516897,127.113503
676,한양대,Hanyang Univ.,LINE 2,209,509450,1125912,37.555273,127.043655
677,한티,Hanti,Bundang Line,k216,511526,1109471,37.496237,127.052873
678,합정,Hapjeong,LINE 2,238,480875,1124362,37.549463,126.913739
678,합정,Hapjeong,LINE 6,622,480875,1124362,37.549463,126.913739
680,행당,Haengdang,LINE 5,539,506397,1126405,37.557322,127.029476
681,행신,Haengsin,Gyeongui-Jungang Line,K320,463270,1141629,37.612102,126.834146
682,혜화,Hyehwa,LINE 4,420,500245,1133299,37.582336,127.001844
683,호구포,Hogupo,Suin Line,K255,435255,1083345,37.401637,126.708627
684,홍대입구,Hongik Univ.,Airport Railroad Line,A03,483315,1126247,37.557192,126.925381
684,홍대입구,Hongik Univ.,Gyeongui-Jungang Line,K314,483315,1126247,37.557192,126.925381
684,홍대입구,Hongik Univ.,LINE 2,239,483315,1126247,37.557192,126.925381
687,홍제,Hongje,LINE 3,324,487507,1135130,37.589066,126.943736
688,화계,Hwagye,Ui Lrt Line,945,,,37.634133,127.017519
689,화곡,Hwagok,LINE 5,517,464647,1121977,37.541513,126.840461
690,화랑대,Hwarangdae,LINE 6,646,518457,1143835,37.620064,127.084689
691,화서,Hwaseo,LINE 1,P154,497490,1050557,37.283862,126.989627
692,화전,Hwajeon,Gyeongui-Jungang Line,K318,470720,1139079,37.602888,126.868387
693,화정,Hwajeong,LINE 3,315,458007,1147052,37.631626,126.811024
694,회기,Hoegi,Gyeongui-Jungang Line,K118,512662,1135362,37.58946,127.057583
694,회기,Hoegi,Gyuongchun Line,P118,512662,1135362,37.58946,127.057583
694,회기,Hoegi,LINE 1,123,512662,1135362,37.58946,127.057583
697,회룡,Hoeryong,LINE 1,111,510190,1172670,37.724846,127.046895
697,회룡,Hoeryong,Uijeongbu Lrt Line,U111,510190,1172670,37.724846,127.046895
699,회현,Hoehyeon,LINE 4,425,495072,1126787,37.558514,126.978246
700,효자,hyoja,Uijeongbu Lrt Line,U121,517000,1180930,37.754025,127.076902
701,효창공원앞,Hyochang Park,Gyeongui-Jungang Line,K311,491425,1121402,37.539261,126.961351
701,효창공원앞,Hyochang park,LINE 6,627,491425,1121402,37.539261,126.961351
703,흑석,Heukseok,LINE 9,919,491832,1112978,37.50877,126.963708
704,흥선,Heungseon,Uijeongbu Lrt Line,U115,508090,1177950,37.743302,127.037023
